SRA_run	SRA_sample	SRA_study	host_taxon	host_taxid	contig_id	contig_len	ViralRefSeq_E	ViralRefSeq_ident	ViralRefSeq_aLen	ViralRefSeq_subject	ViralRefSeq_taxonomy	date_analyzed
ERR206007	ERS074208	ERP000373	Homo sapiens	9606	ERR206007_cap3_Contig-1	603	4.22e-65	92.453000	106	acc:YP_009505712|Orf1 [Torque teno virus 5]	taxid:687344|Alphatorquevirus homin5|Alphatorquevirus|Anelloviridae	2024-05-18
ERR206007	ERS074208	ERP000373	Homo sapiens	9606	ERR206007_cap3_Contig-2	461	3.22e-65	85.612000	139	acc:YP_003587853|hypothetical protein TTV10_gp4 [Torque teno virus 10]	taxid:687349|Alphatorquevirus homin10|Alphatorquevirus|Anelloviridae	2024-05-18
ERR206007	ERS074208	ERP000373	Homo sapiens	9606	ERR206007_cap3_Contig-3	364	2.46e-53	76.531000	98	acc:YP_003587868|ORF1 [Torque teno virus 3]	taxid:687342|Alphatorquevirus homin3|Alphatorquevirus|Anelloviridae	2024-05-18
ERR206007	ERS074208	ERP000373	Homo sapiens	9606	ERR206007_cap3_Contig-4	334	9.87e-67	93.636000	110	acc:YP_009505715|Orf1 [Torque teno virus 11]	taxid:687350|Alphatorquevirus|Anelloviridae	2024-05-18
ERR206021	ERS074222	ERP000373	Homo sapiens	9606	ERR206021_cap3_Contig-1	323	8.91e-45	65.421000	107	acc:YP_009505729|unnamed protein product [Torque teno virus 24]	taxid:687363|Alphatorquevirus homin24|Alphatorquevirus|Anelloviridae	2024-05-17
SRR10822543	SRS5937532	SRP239389	Homo sapiens	9606	SRR10822543_cap3_Contig-1	3321	0.0	86.058000	789	acc:YP_009173866|polymerase [Hepatitis B virus]	taxid:10407|Orthohepadnavirus|Hepadnaviridae|Blubervirales|Revtraviricetes|Artverviricota|Pararnavirae|Riboviria	2024-05-18
SRR10822543	SRS5937532	SRP239389	Homo sapiens	9606	SRR10822543_cap3_Contig-2	1015	1.98e-121	85.149000	202	acc:YP_003587898|hypothetical protein TTV16_gp2 [Torque teno virus 16]	taxid:687355|Alphatorquevirus|Anelloviridae	2024-05-18
SRR10822543	SRS5937532	SRP239389	Homo sapiens	9606	SRR10822543_cap3_Contig-3	831	1.75e-88	60.891000	202	acc:YP_003587868|ORF1 [Torque teno virus 3]	taxid:687342|Alphatorquevirus homin3|Alphatorquevirus|Anelloviridae	2024-05-18
SRR10822543	SRS5937532	SRP239389	Homo sapiens	9606	SRR10822543_cap3_Contig-4	694	7.11e-96	68.900000	209	acc:YP_003587857|hypothetical protein TTV19_gp2 [Torque teno virus 19]	taxid:687358|Alphatorquevirus homin19|Alphatorquevirus|Anelloviridae	2024-05-18
SRR10822543	SRS5937532	SRP239389	Homo sapiens	9606	SRR10822543_cap3_Contig-5	585	1.46e-14	55.172000	58	acc:YP_003587856|hypothetical protein TTV19_gp1 [Torque teno virus 19]	taxid:687358|Alphatorquevirus homin19|Alphatorquevirus|Anelloviridae	2024-05-18
SRR10822543	SRS5937532	SRP239389	Homo sapiens	9606	SRR10822543_cap3_Contig-6	495	5.58e-78	70.988000	162	acc:YP_003587914|hypothetical protein TTV15_gp2 [Torque teno virus 15]	taxid:687354|Alphatorquevirus homin15|Alphatorquevirus|Anelloviridae	2024-05-18
SRR10822543	SRS5937532	SRP239389	Homo sapiens	9606	SRR10822543_cap3_Contig-7	334	0.001	70.000000	20	acc:YP_003587828|hypothetical protein TTV4_gp2 [Torque teno virus 4]	taxid:687343|Alphatorquevirus homin4|Alphatorquevirus|Anelloviridae	2024-05-18
SRR10822543	SRS5937532	SRP239389	Homo sapiens	9606	SRR10822543_cap3_Contig-8	325	1.00e-61	87.037000	108	acc:YP_009505731|unnamed protein product [Torque teno virus 29]	taxid:687368|Alphatorquevirus homin29|Alphatorquevirus|Anelloviridae	2024-05-18
SRR10822543	SRS5937532	SRP239389	Homo sapiens	9606	SRR10822543_cap3_Contig-9	254	3.55e-36	93.750000	64	acc:YP_009505738|ORF1 [Torque teno mini virus 11]	taxid:2065037|Betatorquevirus homini11|Betatorquevirus|Anelloviridae	2024-05-18
SRR10822543	SRS5937532	SRP239389	Homo sapiens	9606	SRR10822543_cap3_Contig-10	231	0.009	54.167000	24	acc:YP_009505786|hypothetical protein [Torque teno midi virus 12]	taxid:2065053|Gammatorquevirus homidi12|Gammatorquevirus|Anelloviridae	2024-05-18
SRR10822543	SRS5937532	SRP239389	Homo sapiens	9606	SRR10822543_cap3_Contig-11	222	5.91e-16	85.294000	34	acc:YP_009505721|unnamed protein product [Torque teno virus 20]	taxid:687359|Alphatorquevirus homin20|Alphatorquevirus|Anelloviridae	2024-05-18
SRR10822543	SRS5937532	SRP239389	Homo sapiens	9606	SRR10822543_cap3_Contig-12	218	9.07e-11	80.000000	30	acc:YP_003587828|hypothetical protein TTV4_gp2 [Torque teno virus 4]	taxid:687343|Alphatorquevirus homin4|Alphatorquevirus|Anelloviridae	2024-05-18
SRR10822543	SRS5937532	SRP239389	Homo sapiens	9606	SRR10822543_cap3_Contig-13	146	1.35e-23	85.417000	48	acc:NP_817122|VP1 [Torque teno virus 1]	taxid:687340|Alphatorquevirus homin1|Alphatorquevirus|Anelloviridae	2024-05-18
SRR10822546	SRS5937535	SRP239389	Homo sapiens	9606	SRR10822546_cap3_Contig-1	1596	9.02e-106	79.812000	213	acc:YP_009505712|Orf1 [Torque teno virus 5]	taxid:687344|Alphatorquevirus homin5|Alphatorquevirus|Anelloviridae	2024-05-18
SRR10822546	SRS5937535	SRP239389	Homo sapiens	9606	SRR10822546_cap3_Contig-2	1438	1.25e-118	66.304000	276	acc:YP_009505717|Orf1 [Torque teno virus 13]	taxid:687352|Alphatorquevirus homin13|Alphatorquevirus|Anelloviridae	2024-05-18
SRR10822546	SRS5937535	SRP239389	Homo sapiens	9606	SRR10822546_cap3_Contig-3	1329	1.28e-169	67.308000	364	acc:YP_009505731|unnamed protein product [Torque teno virus 29]	taxid:687368|Alphatorquevirus homin29|Alphatorquevirus|Anelloviridae	2024-05-18
SRR10822546	SRS5937535	SRP239389	Homo sapiens	9606	SRR10822546_cap3_Contig-4	1151	1.98e-69	64.780000	159	acc:YP_009505721|unnamed protein product [Torque teno virus 20]	taxid:687359|Alphatorquevirus homin20|Alphatorquevirus|Anelloviridae	2024-05-18
SRR10822546	SRS5937535	SRP239389	Homo sapiens	9606	SRR10822546_cap3_Contig-5	763	1.01e-70	89.076000	119	acc:YP_009505731|unnamed protein product [Torque teno virus 29]	taxid:687368|Alphatorquevirus homin29|Alphatorquevirus|Anelloviridae	2024-05-18
SRR10822546	SRS5937535	SRP239389	Homo sapiens	9606	SRR10822546_cap3_Contig-6	619	8.82e-14	61.017000	59	acc:YP_003587898|hypothetical protein TTV16_gp2 [Torque teno virus 16]	taxid:687355|Alphatorquevirus|Anelloviridae	2024-05-18
SRR10822546	SRS5937535	SRP239389	Homo sapiens	9606	SRR10822546_cap3_Contig-7	600	1.32e-134	95.477000	199	acc:YP_009505731|unnamed protein product [Torque teno virus 29]	taxid:687368|Alphatorquevirus homin29|Alphatorquevirus|Anelloviridae	2024-05-18
SRR10822546	SRS5937535	SRP239389	Homo sapiens	9606	SRR10822546_cap3_Contig-8	487	9.35e-26	69.841000	63	acc:YP_009505725|unnamed protein product [Torque teno virus 23]	taxid:687362|Alphatorquevirus|Anelloviridae	2024-05-18
SRR10822546	SRS5937535	SRP239389	Homo sapiens	9606	SRR10822546_cap3_Contig-9	469	1.33e-28	79.365000	63	acc:YP_009505786|hypothetical protein [Torque teno midi virus 12]	taxid:2065053|Gammatorquevirus homidi12|Gammatorquevirus|Anelloviridae	2024-05-18
SRR10822546	SRS5937535	SRP239389	Homo sapiens	9606	SRR10822546_cap3_Contig-10	383	3.27e-20	67.857000	56	acc:YP_003587849|hypothetical protein TTV12_gp4 [Torque teno virus 12]	taxid:687351|Alphatorquevirus|Anelloviridae	2024-05-18
SRR10822546	SRS5937535	SRP239389	Homo sapiens	9606	SRR10822546_cap3_Contig-11	342	5.67e-28	70.833000	72	acc:YP_001109583|hypothetical protein TTMidiV_gp2 [Torque teno midi virus 1]	taxid:687379|Gammatorquevirus homidi1|Gammatorquevirus|Anelloviridae	2024-05-18
SRR10822546	SRS5937535	SRP239389	Homo sapiens	9606	SRR10822546_cap3_Contig-12	319	3.98e-31	98.182000	55	acc:YP_003587857|hypothetical protein TTV19_gp2 [Torque teno virus 19]	taxid:687358|Alphatorquevirus homin19|Alphatorquevirus|Anelloviridae	2024-05-18
SRR10822546	SRS5937535	SRP239389	Homo sapiens	9606	SRR10822546_cap3_Contig-13	315	1.48e-32	100.000000	54	acc:YP_003587853|hypothetical protein TTV10_gp4 [Torque teno virus 10]	taxid:687349|Alphatorquevirus homin10|Alphatorquevirus|Anelloviridae	2024-05-18
SRR10822546	SRS5937535	SRP239389	Homo sapiens	9606	SRR10822546_cap3_Contig-14	310	1.35e-16	89.474000	38	acc:YP_009505731|unnamed protein product [Torque teno virus 29]	taxid:687368|Alphatorquevirus homin29|Alphatorquevirus|Anelloviridae	2024-05-18
SRR10822546	SRS5937535	SRP239389	Homo sapiens	9606	SRR10822546_cap3_Contig-15	301	5.70e-48	74.747000	99	acc:YP_009505717|Orf1 [Torque teno virus 13]	taxid:687352|Alphatorquevirus homin13|Alphatorquevirus|Anelloviridae	2024-05-18
SRR10822546	SRS5937535	SRP239389	Homo sapiens	9606	SRR10822546_cap3_Contig-16	282	2.08e-11	78.788000	33	acc:YP_009505715|Orf1 [Torque teno virus 11]	taxid:687350|Alphatorquevirus|Anelloviridae	2024-05-18
SRR10822546	SRS5937535	SRP239389	Homo sapiens	9606	SRR10822546_cap3_Contig-17	276	6.63e-08	56.667000	30	acc:YP_003587828|hypothetical protein TTV4_gp2 [Torque teno virus 4]	taxid:687343|Alphatorquevirus homin4|Alphatorquevirus|Anelloviridae	2024-05-18
SRR10822546	SRS5937535	SRP239389	Homo sapiens	9606	SRR10822546_cap3_Contig-18	271	3.17e-08	65.385000	26	acc:YP_003587914|hypothetical protein TTV15_gp2 [Torque teno virus 15]	taxid:687354|Alphatorquevirus homin15|Alphatorquevirus|Anelloviridae	2024-05-18
SRR10822546	SRS5937535	SRP239389	Homo sapiens	9606	SRR10822546_cap3_Contig-19	256	4.30e-33	64.706000	85	acc:YP_003587857|hypothetical protein TTV19_gp2 [Torque teno virus 19]	taxid:687358|Alphatorquevirus homin19|Alphatorquevirus|Anelloviridae	2024-05-18
SRR10822546	SRS5937535	SRP239389	Homo sapiens	9606	SRR10822546_cap3_Contig-20	256	1.59e-11	80.000000	30	acc:YP_003587845|hypothetical protein TTV27_gp4 [Torque teno virus 27]	taxid:687366|Alphatorquevirus|Anelloviridae	2024-05-18
SRR10822546	SRS5937535	SRP239389	Homo sapiens	9606	SRR10822546_cap3_Contig-21	243	1.12e-27	58.974000	78	acc:YP_003587868|ORF1 [Torque teno virus 3]	taxid:687342|Alphatorquevirus homin3|Alphatorquevirus|Anelloviridae	2024-05-18
SRR10822546	SRS5937535	SRP239389	Homo sapiens	9606	SRR10822546_cap3_Contig-22	240	0.005	73.684000	19	acc:YP_003587855|hypothetical protein TTV14_gp2 [Torque teno virus 14]	taxid:687353|Alphatorquevirus homin14|Alphatorquevirus|Anelloviridae	2024-05-18
SRR10822546	SRS5937535	SRP239389	Homo sapiens	9606	SRR10822546_cap3_Contig-23	235	3.10e-29	68.831000	77	acc:YP_009505731|unnamed protein product [Torque teno virus 29]	taxid:687368|Alphatorquevirus homin29|Alphatorquevirus|Anelloviridae	2024-05-18
SRR10822546	SRS5937535	SRP239389	Homo sapiens	9606	SRR10822546_cap3_Contig-24	211	9.20e-05	69.565000	23	acc:YP_003587884|hypothetical protein TTMV2_gp2 [Torque teno mini virus 2]	taxid:687370|Betatorquevirus homini2|Betatorquevirus|Anelloviridae	2024-05-18
SRR10822546	SRS5937535	SRP239389	Homo sapiens	9606	SRR10822546_cap3_Contig-25	164	6.14e-09	84.000000	25	acc:YP_003587855|hypothetical protein TTV14_gp2 [Torque teno virus 14]	taxid:687353|Alphatorquevirus homin14|Alphatorquevirus|Anelloviridae	2024-05-18
SRR10822547	SRS5937536	SRP239389	Homo sapiens	9606	SRR10822547_cap3_Contig-1	959	8.31e-121	88.542000	192	acc:YP_009505731|unnamed protein product [Torque teno virus 29]	taxid:687368|Alphatorquevirus homin29|Alphatorquevirus|Anelloviridae	2024-05-18
SRR10822547	SRS5937536	SRP239389	Homo sapiens	9606	SRR10822547_cap3_Contig-2	608	1.23e-32	70.000000	80	acc:YP_009505721|unnamed protein product [Torque teno virus 20]	taxid:687359|Alphatorquevirus homin20|Alphatorquevirus|Anelloviridae	2024-05-18
SRR10822547	SRS5937536	SRP239389	Homo sapiens	9606	SRR10822547_cap3_Contig-3	552	2.47e-73	90.756000	119	acc:YP_009505731|unnamed protein product [Torque teno virus 29]	taxid:687368|Alphatorquevirus homin29|Alphatorquevirus|Anelloviridae	2024-05-18
SRR10822547	SRS5937536	SRP239389	Homo sapiens	9606	SRR10822547_cap3_Contig-4	544	5.44e-32	68.831000	77	acc:YP_009505721|unnamed protein product [Torque teno virus 20]	taxid:687359|Alphatorquevirus homin20|Alphatorquevirus|Anelloviridae	2024-05-18
SRR10822547	SRS5937536	SRP239389	Homo sapiens	9606	SRR10822547_cap3_Contig-5	428	2.90e-18	64.286000	56	acc:YP_009505725|unnamed protein product [Torque teno virus 23]	taxid:687362|Alphatorquevirus|Anelloviridae	2024-05-18
SRR10822547	SRS5937536	SRP239389	Homo sapiens	9606	SRR10822547_cap3_Contig-6	424	8.19e-45	80.460000	87	acc:YP_009505794|hypothetical protein [Torque teno midi virus 14]	taxid:2065055|Gammatorquevirus homidi14|Gammatorquevirus|Anelloviridae	2024-05-18
SRR10822547	SRS5937536	SRP239389	Homo sapiens	9606	SRR10822547_cap3_Contig-7	421	5.35e-28	69.118000	68	acc:YP_009505729|unnamed protein product [Torque teno virus 24]	taxid:687363|Alphatorquevirus homin24|Alphatorquevirus|Anelloviridae	2024-05-18
SRR10822547	SRS5937536	SRP239389	Homo sapiens	9606	SRR10822547_cap3_Contig-8	410	3.65e-08	84.615000	26	acc:YP_010797220|ORF1 [Torque teno virus]	taxid:68887|Anelloviridae	2024-05-18
SRR10822547	SRS5937536	SRP239389	Homo sapiens	9606	SRR10822547_cap3_Contig-9	394	7.46e-30	70.149000	67	acc:YP_003587841|hypothetical protein TTV28_gp4 [Torque teno virus 28]	taxid:687367|Alphatorquevirus|Anelloviridae	2024-05-18
SRR10822547	SRS5937536	SRP239389	Homo sapiens	9606	SRR10822547_cap3_Contig-10	363	1.56e-28	60.000000	90	acc:YP_003587857|hypothetical protein TTV19_gp2 [Torque teno virus 19]	taxid:687358|Alphatorquevirus homin19|Alphatorquevirus|Anelloviridae	2024-05-18
SRR10822547	SRS5937536	SRP239389	Homo sapiens	9606	SRR10822547_cap3_Contig-11	347	1.28e-52	79.412000	102	acc:YP_003587914|hypothetical protein TTV15_gp2 [Torque teno virus 15]	taxid:687354|Alphatorquevirus homin15|Alphatorquevirus|Anelloviridae	2024-05-18
SRR10822547	SRS5937536	SRP239389	Homo sapiens	9606	SRR10822547_cap3_Contig-12	319	5.98e-15	68.421000	38	acc:YP_003587841|hypothetical protein TTV28_gp4 [Torque teno virus 28]	taxid:687367|Alphatorquevirus|Anelloviridae	2024-05-18
SRR10822547	SRS5937536	SRP239389	Homo sapiens	9606	SRR10822547_cap3_Contig-13	313	9.75e-38	92.537000	67	acc:YP_003587914|hypothetical protein TTV15_gp2 [Torque teno virus 15]	taxid:687354|Alphatorquevirus homin15|Alphatorquevirus|Anelloviridae	2024-05-18
SRR10822547	SRS5937536	SRP239389	Homo sapiens	9606	SRR10822547_cap3_Contig-14	247	2.89e-23	67.500000	80	acc:YP_003587841|hypothetical protein TTV28_gp4 [Torque teno virus 28]	taxid:687367|Alphatorquevirus|Anelloviridae	2024-05-18
SRR10822547	SRS5937536	SRP239389	Homo sapiens	9606	SRR10822547_cap3_Contig-15	245	9.09e-13	60.417000	48	acc:YP_010790235|MAG: hypothetical protein QKC62_gp1 [Anelloviridae sp.]	taxid:2055263|Anelloviridae	2024-05-18
SRR10822547	SRS5937536	SRP239389	Homo sapiens	9606	SRR10822547_cap3_Contig-16	232	5.64e-08	64.706000	34	acc:YP_003587916|hypothetical protein TTMV1_gp2 [Torque teno mini virus 1]	taxid:687369|Betatorquevirus homini1|Betatorquevirus|Anelloviridae	2024-05-18
SRR10822547	SRS5937536	SRP239389	Homo sapiens	9606	SRR10822547_cap3_Contig-17	212	1.10e-18	78.571000	42	acc:YP_003587845|hypothetical protein TTV27_gp4 [Torque teno virus 27]	taxid:687366|Alphatorquevirus|Anelloviridae	2024-05-18
SRR10822547	SRS5937536	SRP239389	Homo sapiens	9606	SRR10822547_cap3_Contig-18	203	2.22e-06	70.370000	27	acc:NP_817122|VP1 [Torque teno virus 1]	taxid:687340|Alphatorquevirus homin1|Alphatorquevirus|Anelloviridae	2024-05-18
SRR10822547	SRS5937536	SRP239389	Homo sapiens	9606	SRR10822547_cap3_Contig-19	187	3.72e-07	58.621000	29	acc:YP_003587857|hypothetical protein TTV19_gp2 [Torque teno virus 19]	taxid:687358|Alphatorquevirus homin19|Alphatorquevirus|Anelloviridae	2024-05-18
SRR10822552	SRS5937541	SRP239389	Homo sapiens	9606	SRR10822552_cap3_Contig-1	3689	0.0	76.981000	669	acc:YP_009173866|polymerase [Hepatitis B virus]	taxid:10407|Orthohepadnavirus|Hepadnaviridae|Blubervirales|Revtraviricetes|Artverviricota|Pararnavirae|Riboviria	2024-05-18
SRR10822552	SRS5937541	SRP239389	Homo sapiens	9606	SRR10822552_cap3_Contig-2	1274	4.01e-164	64.183000	349	acc:YP_009505715|Orf1 [Torque teno virus 11]	taxid:687350|Alphatorquevirus|Anelloviridae	2024-05-18
SRR10822552	SRS5937541	SRP239389	Homo sapiens	9606	SRR10822552_cap3_Contig-3	1066	5.72e-116	81.991000	211	acc:YP_009173866|polymerase [Hepatitis B virus]	taxid:10407|Orthohepadnavirus|Hepadnaviridae|Blubervirales|Revtraviricetes|Artverviricota|Pararnavirae|Riboviria	2024-05-18
SRR10822552	SRS5937541	SRP239389	Homo sapiens	9606	SRR10822552_cap3_Contig-4	914	5.87e-52	86.316000	95	acc:YP_003587914|hypothetical protein TTV15_gp2 [Torque teno virus 15]	taxid:687354|Alphatorquevirus homin15|Alphatorquevirus|Anelloviridae	2024-05-18
SRR10822552	SRS5937541	SRP239389	Homo sapiens	9606	SRR10822552_cap3_Contig-5	883	1.67e-21	53.409000	88	acc:YP_009505711|Orf2 [Torque teno virus 5]	taxid:687344|Alphatorquevirus homin5|Alphatorquevirus|Anelloviridae	2024-05-18
SRR10822552	SRS5937541	SRP239389	Homo sapiens	9606	SRR10822552_cap3_Contig-6	880	4.10e-112	73.684000	209	acc:YP_003587868|ORF1 [Torque teno virus 3]	taxid:687342|Alphatorquevirus homin3|Alphatorquevirus|Anelloviridae	2024-05-18
SRR10822552	SRS5937541	SRP239389	Homo sapiens	9606	SRR10822552_cap3_Contig-7	879	7.52e-34	71.951000	82	acc:YP_009505714|Orf2 [Torque teno virus 11]	taxid:687350|Alphatorquevirus|Anelloviridae	2024-05-18
SRR10822552	SRS5937541	SRP239389	Homo sapiens	9606	SRR10822552_cap3_Contig-8	876	3.37e-45	58.108000	148	acc:YP_003587911|hypothetical protein TTMV6_gp2 [Torque teno mini virus 6]	taxid:687374|Betatorquevirus homini6|Betatorquevirus|Anelloviridae	2024-05-18
SRR10822552	SRS5937541	SRP239389	Homo sapiens	9606	SRR10822552_cap3_Contig-9	736	1.33e-76	63.529000	170	acc:YP_003587849|hypothetical protein TTV12_gp4 [Torque teno virus 12]	taxid:687351|Alphatorquevirus|Anelloviridae	2024-05-18
SRR10822552	SRS5937541	SRP239389	Homo sapiens	9606	SRR10822552_cap3_Contig-10	659	6.31e-32	54.639000	97	acc:YP_010798138|ORF2 [TTV-like mini virus]	taxid:93678|Betatorquevirus|Anelloviridae	2024-05-18
SRR10822552	SRS5937541	SRP239389	Homo sapiens	9606	SRR10822552_cap3_Contig-11	658	2.05e-48	64.567000	127	acc:YP_009505729|unnamed protein product [Torque teno virus 24]	taxid:687363|Alphatorquevirus homin24|Alphatorquevirus|Anelloviridae	2024-05-18
SRR10822552	SRS5937541	SRP239389	Homo sapiens	9606	SRR10822552_cap3_Contig-12	637	6.80e-25	49.485000	97	acc:YP_010798138|ORF2 [TTV-like mini virus]	taxid:93678|Betatorquevirus|Anelloviridae	2024-05-18
SRR10822552	SRS5937541	SRP239389	Homo sapiens	9606	SRR10822552_cap3_Contig-13	628	6.46e-29	44.554000	101	acc:YP_010798138|ORF2 [TTV-like mini virus]	taxid:93678|Betatorquevirus|Anelloviridae	2024-05-18
SRR10822552	SRS5937541	SRP239389	Homo sapiens	9606	SRR10822552_cap3_Contig-14	627	4.98e-73	61.749000	183	acc:YP_003587914|hypothetical protein TTV15_gp2 [Torque teno virus 15]	taxid:687354|Alphatorquevirus homin15|Alphatorquevirus|Anelloviridae	2024-05-18
SRR10822552	SRS5937541	SRP239389	Homo sapiens	9606	SRR10822552_cap3_Contig-15	626	4.42e-60	80.374000	107	acc:YP_010797201|hypothetical protein QKL01_gp2 [TTV-like mini virus]	taxid:93678|Betatorquevirus|Anelloviridae	2024-05-18
SRR10822552	SRS5937541	SRP239389	Homo sapiens	9606	SRR10822552_cap3_Contig-16	608	1.47e-51	63.115000	122	acc:YP_003587853|hypothetical protein TTV10_gp4 [Torque teno virus 10]	taxid:687349|Alphatorquevirus homin10|Alphatorquevirus|Anelloviridae	2024-05-18
SRR10822552	SRS5937541	SRP239389	Homo sapiens	9606	SRR10822552_cap3_Contig-17	608	2.19e-19	61.905000	63	acc:YP_003587915|hypothetical protein TTMV1_gp1 [Torque teno mini virus 1]	taxid:687369|Betatorquevirus homini1|Betatorquevirus|Anelloviridae	2024-05-18
SRR10822552	SRS5937541	SRP239389	Homo sapiens	9606	SRR10822552_cap3_Contig-18	605	1.09e-32	58.559000	111	acc:YP_009505793|hypothetical protein [Torque teno midi virus 14]	taxid:2065055|Gammatorquevirus homidi14|Gammatorquevirus|Anelloviridae	2024-05-18
SRR10822552	SRS5937541	SRP239389	Homo sapiens	9606	SRR10822552_cap3_Contig-19	569	3.76e-53	64.286000	126	acc:YP_003587916|hypothetical protein TTMV1_gp2 [Torque teno mini virus 1]	taxid:687369|Betatorquevirus homini1|Betatorquevirus|Anelloviridae	2024-05-18
SRR10822552	SRS5937541	SRP239389	Homo sapiens	9606	SRR10822552_cap3_Contig-20	568	1.20e-77	66.667000	168	acc:YP_009505721|unnamed protein product [Torque teno virus 20]	taxid:687359|Alphatorquevirus homin20|Alphatorquevirus|Anelloviridae	2024-05-18
SRR10822552	SRS5937541	SRP239389	Homo sapiens	9606	SRR10822552_cap3_Contig-21	556	5.87e-14	41.758000	91	acc:YP_008052571|ATP-dependent zinc metalloprotease [Phaeocystis globosa virus]	taxid:251749|Prymnesiovirus|Phycodnaviridae|Algavirales|Megaviricetes|Nucleocytoviricota|Bamfordvirae|Varidnaviria	2024-05-18
SRR10822552	SRS5937541	SRP239389	Homo sapiens	9606	SRR10822552_cap3_Contig-22	545	2.63e-19	60.317000	63	acc:YP_003587914|hypothetical protein TTV15_gp2 [Torque teno virus 15]	taxid:687354|Alphatorquevirus homin15|Alphatorquevirus|Anelloviridae	2024-05-18
SRR10822552	SRS5937541	SRP239389	Homo sapiens	9606	SRR10822552_cap3_Contig-23	481	1.13e-55	54.375000	160	acc:YP_003587898|hypothetical protein TTV16_gp2 [Torque teno virus 16]	taxid:687355|Alphatorquevirus|Anelloviridae	2024-05-18
SRR10822552	SRS5937541	SRP239389	Homo sapiens	9606	SRR10822552_cap3_Contig-24	469	3.19e-33	60.227000	88	acc:YP_003587849|hypothetical protein TTV12_gp4 [Torque teno virus 12]	taxid:687351|Alphatorquevirus|Anelloviridae	2024-05-18
SRR10822552	SRS5937541	SRP239389	Homo sapiens	9606	SRR10822552_cap3_Contig-25	462	7.06e-11	96.154000	26	acc:YP_003587853|hypothetical protein TTV10_gp4 [Torque teno virus 10]	taxid:687349|Alphatorquevirus homin10|Alphatorquevirus|Anelloviridae	2024-05-18
SRR10822552	SRS5937541	SRP239389	Homo sapiens	9606	SRR10822552_cap3_Contig-26	447	4.09e-35	65.657000	99	acc:YP_009505731|unnamed protein product [Torque teno virus 29]	taxid:687368|Alphatorquevirus homin29|Alphatorquevirus|Anelloviridae	2024-05-18
SRR10822552	SRS5937541	SRP239389	Homo sapiens	9606	SRR10822552_cap3_Contig-27	439	6.24e-15	56.364000	55	acc:YP_009505738|ORF1 [Torque teno mini virus 11]	taxid:2065037|Betatorquevirus homini11|Betatorquevirus|Anelloviridae	2024-05-18
SRR10822552	SRS5937541	SRP239389	Homo sapiens	9606	SRR10822552_cap3_Contig-28	413	1.49e-24	80.000000	50	acc:YP_003587915|hypothetical protein TTMV1_gp1 [Torque teno mini virus 1]	taxid:687369|Betatorquevirus homini1|Betatorquevirus|Anelloviridae	2024-05-18
SRR10822552	SRS5937541	SRP239389	Homo sapiens	9606	SRR10822552_cap3_Contig-29	407	1.38e-34	68.182000	88	acc:YP_009505758|hypothetical protein [Torque teno midi virus 5]	taxid:2065046|Gammatorquevirus homidi5|Gammatorquevirus|Anelloviridae	2024-05-18
SRR10822552	SRS5937541	SRP239389	Homo sapiens	9606	SRR10822552_cap3_Contig-30	406	2.87e-72	96.429000	112	acc:YP_009505741|ORF1 [Torque teno mini virus 12]	taxid:2065038|Betatorquevirus homini12|Betatorquevirus|Anelloviridae	2024-05-18
SRR10822552	SRS5937541	SRP239389	Homo sapiens	9606	SRR10822552_cap3_Contig-31	406	1.28e-35	70.115000	87	acc:YP_010790230|MAG: hypothetical protein QKC59_gp1 [Anelloviridae sp.]	taxid:2055263|Anelloviridae	2024-05-18
SRR10822552	SRS5937541	SRP239389	Homo sapiens	9606	SRR10822552_cap3_Contig-32	405	1.36e-24	57.955000	88	acc:YP_009505782|hypothetical protein [Torque teno midi virus 11]	taxid:2065052|Gammatorquevirus homidi11|Gammatorquevirus|Anelloviridae	2024-05-18
SRR10822552	SRS5937541	SRP239389	Homo sapiens	9606	SRR10822552_cap3_Contig-33	401	1.15e-49	70.149000	134	acc:YP_009505729|unnamed protein product [Torque teno virus 24]	taxid:687363|Alphatorquevirus homin24|Alphatorquevirus|Anelloviridae	2024-05-18
SRR10822552	SRS5937541	SRP239389	Homo sapiens	9606	SRR10822552_cap3_Contig-34	387	6.33e-78	85.938000	128	acc:YP_009505717|Orf1 [Torque teno virus 13]	taxid:687352|Alphatorquevirus homin13|Alphatorquevirus|Anelloviridae	2024-05-18
SRR10822552	SRS5937541	SRP239389	Homo sapiens	9606	SRR10822552_cap3_Contig-35	382	3.09e-28	48.031000	127	acc:YP_003587862|pORF1 [Torque teno virus 7]	taxid:687346|Alphatorquevirus homin7|Alphatorquevirus|Anelloviridae	2024-05-18
SRR10822552	SRS5937541	SRP239389	Homo sapiens	9606	SRR10822552_cap3_Contig-36	378	2.97e-43	76.471000	85	acc:YP_009505729|unnamed protein product [Torque teno virus 24]	taxid:687363|Alphatorquevirus homin24|Alphatorquevirus|Anelloviridae	2024-05-18
SRR10822552	SRS5937541	SRP239389	Homo sapiens	9606	SRR10822552_cap3_Contig-37	360	2.61e-18	66.038000	53	acc:YP_003587849|hypothetical protein TTV12_gp4 [Torque teno virus 12]	taxid:687351|Alphatorquevirus|Anelloviridae	2024-05-18
SRR10822552	SRS5937541	SRP239389	Homo sapiens	9606	SRR10822552_cap3_Contig-38	359	6.51e-49	66.949000	118	acc:YP_009505715|Orf1 [Torque teno virus 11]	taxid:687350|Alphatorquevirus|Anelloviridae	2024-05-18
SRR10822552	SRS5937541	SRP239389	Homo sapiens	9606	SRR10822552_cap3_Contig-39	354	6.12e-16	61.616000	99	acc:YP_009505758|hypothetical protein [Torque teno midi virus 5]	taxid:2065046|Gammatorquevirus homidi5|Gammatorquevirus|Anelloviridae	2024-05-18
SRR10822552	SRS5937541	SRP239389	Homo sapiens	9606	SRR10822552_cap3_Contig-40	349	7.35e-58	73.913000	115	acc:YP_009505721|unnamed protein product [Torque teno virus 20]	taxid:687359|Alphatorquevirus homin20|Alphatorquevirus|Anelloviridae	2024-05-18
SRR10822552	SRS5937541	SRP239389	Homo sapiens	9606	SRR10822552_cap3_Contig-41	347	1.10e-33	65.882000	85	acc:YP_009505725|unnamed protein product [Torque teno virus 23]	taxid:687362|Alphatorquevirus|Anelloviridae	2024-05-18
SRR10822552	SRS5937541	SRP239389	Homo sapiens	9606	SRR10822552_cap3_Contig-42	343	2.92e-37	77.922000	77	acc:YP_009505731|unnamed protein product [Torque teno virus 29]	taxid:687368|Alphatorquevirus homin29|Alphatorquevirus|Anelloviridae	2024-05-18
SRR10822552	SRS5937541	SRP239389	Homo sapiens	9606	SRR10822552_cap3_Contig-43	314	6.29e-21	51.429000	70	acc:YP_010790233|MAG: hypothetical protein QKC61_gp1 [Anelloviridae sp.]	taxid:2055263|Anelloviridae	2024-05-18
SRR10822552	SRS5937541	SRP239389	Homo sapiens	9606	SRR10822552_cap3_Contig-44	304	7.70e-21	59.091000	66	acc:NP_077658|EsV-1-173 [Ectocarpus siliculosus virus 1]	taxid:37665|Phaeovirus|Phycodnaviridae|Algavirales|Megaviricetes|Nucleocytoviricota|Bamfordvirae|Varidnaviria	2024-05-18
SRR10822552	SRS5937541	SRP239389	Homo sapiens	9606	SRR10822552_cap3_Contig-45	288	4.14e-11	77.778000	36	acc:YP_003587905|hypothetical protein TTmidiV2_gp4 [Torque teno midi virus 2]	taxid:687380|Gammatorquevirus homidi2|Gammatorquevirus|Anelloviridae	2024-05-18
SRR10822552	SRS5937541	SRP239389	Homo sapiens	9606	SRR10822552_cap3_Contig-46	287	4.25e-17	55.932000	59	acc:YP_010797731|hypothetical protein ORF1 [Torque teno mini virus 10]	taxid:2065036|Betatorquevirus homini10|Betatorquevirus|Anelloviridae	2024-05-18
SRR10822552	SRS5937541	SRP239389	Homo sapiens	9606	SRR10822552_cap3_Contig-47	272	5.92e-15	69.048000	42	acc:YP_003587914|hypothetical protein TTV15_gp2 [Torque teno virus 15]	taxid:687354|Alphatorquevirus homin15|Alphatorquevirus|Anelloviridae	2024-05-18
SRR10822552	SRS5937541	SRP239389	Homo sapiens	9606	SRR10822552_cap3_Contig-48	267	1.37e-04	72.000000	25	acc:YP_003587855|hypothetical protein TTV14_gp2 [Torque teno virus 14]	taxid:687353|Alphatorquevirus homin14|Alphatorquevirus|Anelloviridae	2024-05-18
SRR10822552	SRS5937541	SRP239389	Homo sapiens	9606	SRR10822552_cap3_Contig-49	261	4.16e-34	65.116000	86	acc:YP_009505721|unnamed protein product [Torque teno virus 20]	taxid:687359|Alphatorquevirus homin20|Alphatorquevirus|Anelloviridae	2024-05-18
SRR10822552	SRS5937541	SRP239389	Homo sapiens	9606	SRR10822552_cap3_Contig-50	242	7.67e-12	59.091000	44	acc:NP_077658|EsV-1-173 [Ectocarpus siliculosus virus 1]	taxid:37665|Phaeovirus|Phycodnaviridae|Algavirales|Megaviricetes|Nucleocytoviricota|Bamfordvirae|Varidnaviria	2024-05-18
SRR10822552	SRS5937541	SRP239389	Homo sapiens	9606	SRR10822552_cap3_Contig-51	235	4.01e-13	64.103000	39	acc:YP_003587857|hypothetical protein TTV19_gp2 [Torque teno virus 19]	taxid:687358|Alphatorquevirus homin19|Alphatorquevirus|Anelloviridae	2024-05-18
SRR10822552	SRS5937541	SRP239389	Homo sapiens	9606	SRR10822552_cap3_Contig-52	223	7.93e-10	65.714000	35	acc:YP_003587916|hypothetical protein TTMV1_gp2 [Torque teno mini virus 1]	taxid:687369|Betatorquevirus homini1|Betatorquevirus|Anelloviridae	2024-05-18
SRR10822552	SRS5937541	SRP239389	Homo sapiens	9606	SRR10822552_cap3_Contig-53	223	1.37e-07	60.606000	33	acc:YP_003587916|hypothetical protein TTMV1_gp2 [Torque teno mini virus 1]	taxid:687369|Betatorquevirus homini1|Betatorquevirus|Anelloviridae	2024-05-18
SRR10822552	SRS5937541	SRP239389	Homo sapiens	9606	SRR10822552_cap3_Contig-54	211	1.21e-11	49.206000	63	acc:YP_008052571|ATP-dependent zinc metalloprotease [Phaeocystis globosa virus]	taxid:251749|Prymnesiovirus|Phycodnaviridae|Algavirales|Megaviricetes|Nucleocytoviricota|Bamfordvirae|Varidnaviria	2024-05-18
SRR10822552	SRS5937541	SRP239389	Homo sapiens	9606	SRR10822552_cap3_Contig-55	205	6.68e-07	69.565000	23	acc:YP_003587916|hypothetical protein TTMV1_gp2 [Torque teno mini virus 1]	taxid:687369|Betatorquevirus homini1|Betatorquevirus|Anelloviridae	2024-05-18
SRR10822552	SRS5937541	SRP239389	Homo sapiens	9606	SRR10822552_cap3_Contig-56	180	3.06e-21	62.069000	58	acc:YP_010797731|hypothetical protein ORF1 [Torque teno mini virus 10]	taxid:2065036|Betatorquevirus homini10|Betatorquevirus|Anelloviridae	2024-05-18
SRR10822552	SRS5937541	SRP239389	Homo sapiens	9606	SRR10822552_cap3_Contig-57	175	1.95e-04	48.387000	31	acc:YP_008766949|IS21-like element IS21 family helper ATPase IstB [Enterobacteria phage fiAA91-ss]	taxid:1357825|Peduovirus fiAA91ss|Peduovirus|Peduoviridae|Caudoviricetes|Uroviricota|Heunggongvirae|Duplodnaviria	2024-05-18
SRR10822560	SRS5937549	SRP239389	Homo sapiens	9606	SRR10822560_cap3_Contig-1	938	1.91e-41	93.421000	76	acc:YP_009505729|unnamed protein product [Torque teno virus 24]	taxid:687363|Alphatorquevirus homin24|Alphatorquevirus|Anelloviridae	2024-05-18
SRR10822560	SRS5937549	SRP239389	Homo sapiens	9606	SRR10822560_cap3_Contig-2	920	1.78e-131	82.432000	222	acc:NP_817122|VP1 [Torque teno virus 1]	taxid:687340|Alphatorquevirus homin1|Alphatorquevirus|Anelloviridae	2024-05-18
SRR10822560	SRS5937549	SRP239389	Homo sapiens	9606	SRR10822560_cap3_Contig-3	621	5.70e-69	71.918000	146	acc:YP_009505731|unnamed protein product [Torque teno virus 29]	taxid:687368|Alphatorquevirus homin29|Alphatorquevirus|Anelloviridae	2024-05-18
SRR10822560	SRS5937549	SRP239389	Homo sapiens	9606	SRR10822560_cap3_Contig-4	593	2.96e-24	46.535000	101	acc:YP_010798138|ORF2 [TTV-like mini virus]	taxid:93678|Betatorquevirus|Anelloviridae	2024-05-18
SRR10822560	SRS5937549	SRP239389	Homo sapiens	9606	SRR10822560_cap3_Contig-5	582	1.15e-77	61.957000	184	acc:YP_003587868|ORF1 [Torque teno virus 3]	taxid:687342|Alphatorquevirus homin3|Alphatorquevirus|Anelloviridae	2024-05-18
SRR10822560	SRS5937549	SRP239389	Homo sapiens	9606	SRR10822560_cap3_Contig-6	520	1.58e-24	45.545000	101	acc:YP_010790221|MAG: hypothetical protein QKC56_gp1 [Anelloviridae sp.]	taxid:2055263|Anelloviridae	2024-05-18
SRR10822560	SRS5937549	SRP239389	Homo sapiens	9606	SRR10822560_cap3_Contig-7	508	1.28e-29	45.545000	101	acc:YP_010798138|ORF2 [TTV-like mini virus]	taxid:93678|Betatorquevirus|Anelloviridae	2024-05-18
SRR10822560	SRS5937549	SRP239389	Homo sapiens	9606	SRR10822560_cap3_Contig-8	443	6.01e-23	67.188000	64	acc:NP_054656|ORF1 [Torque teno mini virus 9]	taxid:687377|Betatorquevirus homini9|Betatorquevirus|Anelloviridae	2024-05-18
SRR10822560	SRS5937549	SRP239389	Homo sapiens	9606	SRR10822560_cap3_Contig-9	438	1.91e-16	52.308000	65	acc:YP_009505762|hypothetical protein [Torque teno midi virus 6]	taxid:2065047|Gammatorquevirus homidi6|Gammatorquevirus|Anelloviridae	2024-05-18
SRR10822560	SRS5937549	SRP239389	Homo sapiens	9606	SRR10822560_cap3_Contig-10	428	3.22e-14	100.000000	29	acc:YP_009505721|unnamed protein product [Torque teno virus 20]	taxid:687359|Alphatorquevirus homin20|Alphatorquevirus|Anelloviridae	2024-05-18
SRR10822560	SRS5937549	SRP239389	Homo sapiens	9606	SRR10822560_cap3_Contig-11	427	3.45e-19	74.468000	47	acc:NP_817122|VP1 [Torque teno virus 1]	taxid:687340|Alphatorquevirus homin1|Alphatorquevirus|Anelloviridae	2024-05-18
SRR10822560	SRS5937549	SRP239389	Homo sapiens	9606	SRR10822560_cap3_Contig-12	400	4.37e-29	65.385000	78	acc:YP_009505770|hypothetical protein [Torque teno midi virus 8]	taxid:2065049|Gammatorquevirus homidi8|Gammatorquevirus|Anelloviridae	2024-05-18
SRR10822560	SRS5937549	SRP239389	Homo sapiens	9606	SRR10822560_cap3_Contig-13	395	5.27e-49	90.476000	84	acc:YP_009505731|unnamed protein product [Torque teno virus 29]	taxid:687368|Alphatorquevirus homin29|Alphatorquevirus|Anelloviridae	2024-05-18
SRR10822560	SRS5937549	SRP239389	Homo sapiens	9606	SRR10822560_cap3_Contig-14	384	4.62e-36	63.043000	92	acc:YP_009505725|unnamed protein product [Torque teno virus 23]	taxid:687362|Alphatorquevirus|Anelloviridae	2024-05-18
SRR10822560	SRS5937549	SRP239389	Homo sapiens	9606	SRR10822560_cap3_Contig-15	369	5.79e-11	69.444000	36	acc:YP_238298|hypothetical protein SAV2_gp2 [Small anellovirus 2]	taxid:289367|Small anellovirus|Anelloviridae	2024-05-18
SRR10822560	SRS5937549	SRP239389	Homo sapiens	9606	SRR10822560_cap3_Contig-16	367	2.55e-11	80.645000	31	acc:YP_009505757|hypothetical protein [Torque teno midi virus 5]	taxid:2065046|Gammatorquevirus homidi5|Gammatorquevirus|Anelloviridae	2024-05-18
SRR10822560	SRS5937549	SRP239389	Homo sapiens	9606	SRR10822560_cap3_Contig-17	365	1.39e-79	99.174000	121	acc:YP_009505731|unnamed protein product [Torque teno virus 29]	taxid:687368|Alphatorquevirus homin29|Alphatorquevirus|Anelloviridae	2024-05-18
SRR10822560	SRS5937549	SRP239389	Homo sapiens	9606	SRR10822560_cap3_Contig-18	353	1.45e-20	61.290000	62	acc:YP_009505758|hypothetical protein [Torque teno midi virus 5]	taxid:2065046|Gammatorquevirus homidi5|Gammatorquevirus|Anelloviridae	2024-05-18
SRR10822560	SRS5937549	SRP239389	Homo sapiens	9606	SRR10822560_cap3_Contig-19	353	5.60e-20	61.290000	62	acc:YP_009505758|hypothetical protein [Torque teno midi virus 5]	taxid:2065046|Gammatorquevirus homidi5|Gammatorquevirus|Anelloviridae	2024-05-18
SRR10822560	SRS5937549	SRP239389	Homo sapiens	9606	SRR10822560_cap3_Contig-20	328	1.01e-24	69.841000	63	acc:YP_003587857|hypothetical protein TTV19_gp2 [Torque teno virus 19]	taxid:687358|Alphatorquevirus homin19|Alphatorquevirus|Anelloviridae	2024-05-18
SRR10822560	SRS5937549	SRP239389	Homo sapiens	9606	SRR10822560_cap3_Contig-21	312	2.28e-18	90.000000	40	acc:YP_010797220|ORF1 [Torque teno virus]	taxid:68887|Anelloviridae	2024-05-18
SRR10822560	SRS5937549	SRP239389	Homo sapiens	9606	SRR10822560_cap3_Contig-22	310	3.30e-15	39.241000	79	acc:YP_009551674|replication-associated protein [Odonata-associated circular virus-15]	taxid:1592115|Viruses	2024-05-18
SRR10822560	SRS5937549	SRP239389	Homo sapiens	9606	SRR10822560_cap3_Contig-23	308	2.55e-22	63.492000	63	acc:YP_009505758|hypothetical protein [Torque teno midi virus 5]	taxid:2065046|Gammatorquevirus homidi5|Gammatorquevirus|Anelloviridae	2024-05-18
SRR10822560	SRS5937549	SRP239389	Homo sapiens	9606	SRR10822560_cap3_Contig-24	297	8.39e-54	87.755000	98	acc:YP_009505731|unnamed protein product [Torque teno virus 29]	taxid:687368|Alphatorquevirus homin29|Alphatorquevirus|Anelloviridae	2024-05-18
SRR10822560	SRS5937549	SRP239389	Homo sapiens	9606	SRR10822560_cap3_Contig-25	286	4.45e-21	69.091000	55	acc:YP_009505758|hypothetical protein [Torque teno midi virus 5]	taxid:2065046|Gammatorquevirus homidi5|Gammatorquevirus|Anelloviridae	2024-05-18
SRR10822560	SRS5937549	SRP239389	Homo sapiens	9606	SRR10822560_cap3_Contig-26	264	5.73e-14	67.500000	40	acc:YP_003587857|hypothetical protein TTV19_gp2 [Torque teno virus 19]	taxid:687358|Alphatorquevirus homin19|Alphatorquevirus|Anelloviridae	2024-05-18
SRR10822560	SRS5937549	SRP239389	Homo sapiens	9606	SRR10822560_cap3_Contig-27	264	5.76e-19	94.253000	87	acc:YP_009505770|hypothetical protein [Torque teno midi virus 8]	taxid:2065049|Gammatorquevirus homidi8|Gammatorquevirus|Anelloviridae	2024-05-18
SRR10822560	SRS5937549	SRP239389	Homo sapiens	9606	SRR10822560_cap3_Contig-28	258	6.93e-15	64.000000	50	acc:YP_003587855|hypothetical protein TTV14_gp2 [Torque teno virus 14]	taxid:687353|Alphatorquevirus homin14|Alphatorquevirus|Anelloviridae	2024-05-18
SRR10822560	SRS5937549	SRP239389	Homo sapiens	9606	SRR10822560_cap3_Contig-29	249	3.08e-07	66.667000	27	acc:YP_010797453|hypothetical protein QKL40_gp2 [Torque teno virus]	taxid:68887|Anelloviridae	2024-05-18
SRR10822560	SRS5937549	SRP239389	Homo sapiens	9606	SRR10822560_cap3_Contig-30	247	3.79e-10	87.097000	31	acc:YP_009505790|hypothetical protein [Torque teno midi virus 13]	taxid:2065054|Gammatorquevirus homidi13|Gammatorquevirus|Anelloviridae	2024-05-18
SRR10822560	SRS5937549	SRP239389	Homo sapiens	9606	SRR10822560_cap3_Contig-31	241	9.46e-08	75.862000	29	acc:YP_010797453|hypothetical protein QKL40_gp2 [Torque teno virus]	taxid:68887|Anelloviridae	2024-05-18
SRR10822560	SRS5937549	SRP239389	Homo sapiens	9606	SRR10822560_cap3_Contig-32	240	5.99e-07	49.206000	63	acc:YP_009505763|hypothetical protein [Torque teno midi virus 7]	taxid:2065048|Gammatorquevirus homidi7|Gammatorquevirus|Anelloviridae	2024-05-18
SRR10822560	SRS5937549	SRP239389	Homo sapiens	9606	SRR10822560_cap3_Contig-33	238	1.51e-32	90.789000	76	acc:YP_003587857|hypothetical protein TTV19_gp2 [Torque teno virus 19]	taxid:687358|Alphatorquevirus homin19|Alphatorquevirus|Anelloviridae	2024-05-18
SRR10822560	SRS5937549	SRP239389	Homo sapiens	9606	SRR10822560_cap3_Contig-34	235	2.17e-15	85.714000	35	acc:YP_009505794|hypothetical protein [Torque teno midi virus 14]	taxid:2065055|Gammatorquevirus homidi14|Gammatorquevirus|Anelloviridae	2024-05-18
SRR10822560	SRS5937549	SRP239389	Homo sapiens	9606	SRR10822560_cap3_Contig-35	227	5.16e-13	45.070000	71	acc:YP_008052571|ATP-dependent zinc metalloprotease [Phaeocystis globosa virus]	taxid:251749|Prymnesiovirus|Phycodnaviridae|Algavirales|Megaviricetes|Nucleocytoviricota|Bamfordvirae|Varidnaviria	2024-05-18
SRR10822560	SRS5937549	SRP239389	Homo sapiens	9606	SRR10822560_cap3_Contig-36	221	7.98e-08	61.290000	31	acc:YP_003587849|hypothetical protein TTV12_gp4 [Torque teno virus 12]	taxid:687351|Alphatorquevirus|Anelloviridae	2024-05-18
SRR10822560	SRS5937549	SRP239389	Homo sapiens	9606	SRR10822560_cap3_Contig-37	217	6.18e-08	65.625000	32	acc:YP_003587868|ORF1 [Torque teno virus 3]	taxid:687342|Alphatorquevirus homin3|Alphatorquevirus|Anelloviridae	2024-05-18
SRR10822560	SRS5937549	SRP239389	Homo sapiens	9606	SRR10822560_cap3_Contig-38	205	0.002	84.211000	19	acc:YP_238298|hypothetical protein SAV2_gp2 [Small anellovirus 2]	taxid:289367|Small anellovirus|Anelloviridae	2024-05-18
SRR10822560	SRS5937549	SRP239389	Homo sapiens	9606	SRR10822560_cap3_Contig-39	204	9.87e-18	67.308000	52	acc:YP_009505762|hypothetical protein [Torque teno midi virus 6]	taxid:2065047|Gammatorquevirus homidi6|Gammatorquevirus|Anelloviridae	2024-05-18
SRR10822560	SRS5937549	SRP239389	Homo sapiens	9606	SRR10822560_cap3_Contig-40	178	4.14e-25	75.439000	57	acc:YP_003587868|ORF1 [Torque teno virus 3]	taxid:687342|Alphatorquevirus homin3|Alphatorquevirus|Anelloviridae	2024-05-18
SRR10822560	SRS5937549	SRP239389	Homo sapiens	9606	SRR10822560_cap3_Contig-41	148	1.47e-15	65.957000	47	acc:YP_009505770|hypothetical protein [Torque teno midi virus 8]	taxid:2065049|Gammatorquevirus homidi8|Gammatorquevirus|Anelloviridae	2024-05-18
SRR10822564	SRS5937552	SRP239389	Homo sapiens	9606	SRR10822564_cap3_Contig-1	1555	4.05e-139	68.301000	306	acc:YP_009505731|unnamed protein product [Torque teno virus 29]	taxid:687368|Alphatorquevirus homin29|Alphatorquevirus|Anelloviridae	2024-05-18
SRR10822564	SRS5937552	SRP239389	Homo sapiens	9606	SRR10822564_cap3_Contig-2	1514	1.16e-133	65.815000	313	acc:YP_009505717|Orf1 [Torque teno virus 13]	taxid:687352|Alphatorquevirus homin13|Alphatorquevirus|Anelloviridae	2024-05-18
SRR10822564	SRS5937552	SRP239389	Homo sapiens	9606	SRR10822564_cap3_Contig-3	1440	4.94e-99	54.325000	289	acc:YP_003587868|ORF1 [Torque teno virus 3]	taxid:687342|Alphatorquevirus homin3|Alphatorquevirus|Anelloviridae	2024-05-18
SRR10822564	SRS5937552	SRP239389	Homo sapiens	9606	SRR10822564_cap3_Contig-4	1146	1.86e-69	64.780000	159	acc:YP_009505721|unnamed protein product [Torque teno virus 20]	taxid:687359|Alphatorquevirus homin20|Alphatorquevirus|Anelloviridae	2024-05-18
SRR10822564	SRS5937552	SRP239389	Homo sapiens	9606	SRR10822564_cap3_Contig-5	763	1.01e-70	89.076000	119	acc:YP_009505731|unnamed protein product [Torque teno virus 29]	taxid:687368|Alphatorquevirus homin29|Alphatorquevirus|Anelloviridae	2024-05-18
SRR10822564	SRS5937552	SRP239389	Homo sapiens	9606	SRR10822564_cap3_Contig-6	763	5.12e-22	57.333000	75	acc:YP_003587856|hypothetical protein TTV19_gp1 [Torque teno virus 19]	taxid:687358|Alphatorquevirus homin19|Alphatorquevirus|Anelloviridae	2024-05-18
SRR10822564	SRS5937552	SRP239389	Homo sapiens	9606	SRR10822564_cap3_Contig-7	600	2.08e-134	95.477000	199	acc:YP_009505731|unnamed protein product [Torque teno virus 29]	taxid:687368|Alphatorquevirus homin29|Alphatorquevirus|Anelloviridae	2024-05-18
SRR10822564	SRS5937552	SRP239389	Homo sapiens	9606	SRR10822564_cap3_Contig-8	487	9.35e-26	69.841000	63	acc:YP_009505725|unnamed protein product [Torque teno virus 23]	taxid:687362|Alphatorquevirus|Anelloviridae	2024-05-18
SRR10822564	SRS5937552	SRP239389	Homo sapiens	9606	SRR10822564_cap3_Contig-9	469	1.33e-28	79.365000	63	acc:YP_009505786|hypothetical protein [Torque teno midi virus 12]	taxid:2065053|Gammatorquevirus homidi12|Gammatorquevirus|Anelloviridae	2024-05-18
SRR10822564	SRS5937552	SRP239389	Homo sapiens	9606	SRR10822564_cap3_Contig-10	383	3.27e-20	67.857000	56	acc:YP_003587849|hypothetical protein TTV12_gp4 [Torque teno virus 12]	taxid:687351|Alphatorquevirus|Anelloviridae	2024-05-18
SRR10822564	SRS5937552	SRP239389	Homo sapiens	9606	SRR10822564_cap3_Contig-11	369	1.05e-36	64.130000	92	acc:YP_009505725|unnamed protein product [Torque teno virus 23]	taxid:687362|Alphatorquevirus|Anelloviridae	2024-05-18
SRR10822564	SRS5937552	SRP239389	Homo sapiens	9606	SRR10822564_cap3_Contig-12	342	5.67e-28	70.833000	72	acc:YP_001109583|hypothetical protein TTMidiV_gp2 [Torque teno midi virus 1]	taxid:687379|Gammatorquevirus homidi1|Gammatorquevirus|Anelloviridae	2024-05-18
SRR10822564	SRS5937552	SRP239389	Homo sapiens	9606	SRR10822564_cap3_Contig-13	318	5.26e-32	98.214000	56	acc:YP_003587857|hypothetical protein TTV19_gp2 [Torque teno virus 19]	taxid:687358|Alphatorquevirus homin19|Alphatorquevirus|Anelloviridae	2024-05-18
SRR10822564	SRS5937552	SRP239389	Homo sapiens	9606	SRR10822564_cap3_Contig-14	310	1.35e-16	89.474000	38	acc:YP_009505731|unnamed protein product [Torque teno virus 29]	taxid:687368|Alphatorquevirus homin29|Alphatorquevirus|Anelloviridae	2024-05-18
SRR10822564	SRS5937552	SRP239389	Homo sapiens	9606	SRR10822564_cap3_Contig-15	309	6.88e-13	82.353000	34	acc:YP_009505715|Orf1 [Torque teno virus 11]	taxid:687350|Alphatorquevirus|Anelloviridae	2024-05-18
SRR10822564	SRS5937552	SRP239389	Homo sapiens	9606	SRR10822564_cap3_Contig-16	305	1.26e-39	69.000000	100	acc:YP_009505731|unnamed protein product [Torque teno virus 29]	taxid:687368|Alphatorquevirus homin29|Alphatorquevirus|Anelloviridae	2024-05-18
SRR10822564	SRS5937552	SRP239389	Homo sapiens	9606	SRR10822564_cap3_Contig-17	301	5.70e-48	74.747000	99	acc:YP_009505717|Orf1 [Torque teno virus 13]	taxid:687352|Alphatorquevirus homin13|Alphatorquevirus|Anelloviridae	2024-05-18
SRR10822564	SRS5937552	SRP239389	Homo sapiens	9606	SRR10822564_cap3_Contig-18	282	2.08e-11	78.788000	33	acc:YP_009505715|Orf1 [Torque teno virus 11]	taxid:687350|Alphatorquevirus|Anelloviridae	2024-05-18
SRR10822564	SRS5937552	SRP239389	Homo sapiens	9606	SRR10822564_cap3_Contig-19	276	6.63e-08	56.667000	30	acc:YP_003587828|hypothetical protein TTV4_gp2 [Torque teno virus 4]	taxid:687343|Alphatorquevirus homin4|Alphatorquevirus|Anelloviridae	2024-05-18
SRR10822564	SRS5937552	SRP239389	Homo sapiens	9606	SRR10822564_cap3_Contig-20	249	1.67e-11	80.000000	30	acc:YP_003587845|hypothetical protein TTV27_gp4 [Torque teno virus 27]	taxid:687366|Alphatorquevirus|Anelloviridae	2024-05-18
SRR10822564	SRS5937552	SRP239389	Homo sapiens	9606	SRR10822564_cap3_Contig-21	211	9.20e-05	69.565000	23	acc:YP_003587884|hypothetical protein TTMV2_gp2 [Torque teno mini virus 2]	taxid:687370|Betatorquevirus homini2|Betatorquevirus|Anelloviridae	2024-05-18
SRR10822564	SRS5937552	SRP239389	Homo sapiens	9606	SRR10822564_cap3_Contig-22	197	2.69e-11	62.857000	35	acc:YP_003587914|hypothetical protein TTV15_gp2 [Torque teno virus 15]	taxid:687354|Alphatorquevirus homin15|Alphatorquevirus|Anelloviridae	2024-05-18
SRR10822564	SRS5937552	SRP239389	Homo sapiens	9606	SRR10822564_cap3_Contig-23	196	1.43e-07	69.231000	26	acc:YP_003587914|hypothetical protein TTV15_gp2 [Torque teno virus 15]	taxid:687354|Alphatorquevirus homin15|Alphatorquevirus|Anelloviridae	2024-05-18
SRR10822564	SRS5937552	SRP239389	Homo sapiens	9606	SRR10822564_cap3_Contig-24	164	6.14e-09	84.000000	25	acc:YP_003587855|hypothetical protein TTV14_gp2 [Torque teno virus 14]	taxid:687353|Alphatorquevirus homin14|Alphatorquevirus|Anelloviridae	2024-05-18
SRR12567985	SRS7305728	SRP279687	Homo sapiens	9606	SRR12567985_cap3_Contig-1	2390	0.0	62.110000	673	acc:YP_003587868|ORF1 [Torque teno virus 3]	taxid:687342|Alphatorquevirus homin3|Alphatorquevirus|Anelloviridae	2024-05-17
SRR12567985	SRS7305728	SRP279687	Homo sapiens	9606	SRR12567985_cap3_Contig-2	1747	0.0	65.103000	533	acc:YP_003587857|hypothetical protein TTV19_gp2 [Torque teno virus 19]	taxid:687358|Alphatorquevirus homin19|Alphatorquevirus|Anelloviridae	2024-05-17
SRR12567985	SRS7305728	SRP279687	Homo sapiens	9606	SRR12567985_cap3_Contig-3	1536	0.0	88.641000	449	acc:YP_009505731|unnamed protein product [Torque teno virus 29]	taxid:687368|Alphatorquevirus homin29|Alphatorquevirus|Anelloviridae	2024-05-17
SRR12567985	SRS7305728	SRP279687	Homo sapiens	9606	SRR12567985_cap3_Contig-4	1481	6.32e-113	52.090000	311	acc:YP_009505782|hypothetical protein [Torque teno midi virus 11]	taxid:2065052|Gammatorquevirus homidi11|Gammatorquevirus|Anelloviridae	2024-05-17
SRR12567985	SRS7305728	SRP279687	Homo sapiens	9606	SRR12567985_cap3_Contig-5	1310	1.26e-98	52.961000	304	acc:YP_003587914|hypothetical protein TTV15_gp2 [Torque teno virus 15]	taxid:687354|Alphatorquevirus homin15|Alphatorquevirus|Anelloviridae	2024-05-17
SRR12567985	SRS7305728	SRP279687	Homo sapiens	9606	SRR12567985_cap3_Contig-6	1041	4.72e-151	75.000000	276	acc:YP_003587914|hypothetical protein TTV15_gp2 [Torque teno virus 15]	taxid:687354|Alphatorquevirus homin15|Alphatorquevirus|Anelloviridae	2024-05-17
SRR12567985	SRS7305728	SRP279687	Homo sapiens	9606	SRR12567985_cap3_Contig-7	1032	1.73e-146	81.641000	256	acc:YP_009505729|unnamed protein product [Torque teno virus 24]	taxid:687363|Alphatorquevirus homin24|Alphatorquevirus|Anelloviridae	2024-05-17
SRR12567985	SRS7305728	SRP279687	Homo sapiens	9606	SRR12567985_cap3_Contig-8	1020	1.28e-93	63.850000	213	acc:YP_009505725|unnamed protein product [Torque teno virus 23]	taxid:687362|Alphatorquevirus|Anelloviridae	2024-05-17
SRR12567985	SRS7305728	SRP279687	Homo sapiens	9606	SRR12567985_cap3_Contig-9	907	1.32e-141	75.686000	255	acc:YP_003587914|hypothetical protein TTV15_gp2 [Torque teno virus 15]	taxid:687354|Alphatorquevirus homin15|Alphatorquevirus|Anelloviridae	2024-05-17
SRR12567985	SRS7305728	SRP279687	Homo sapiens	9606	SRR12567985_cap3_Contig-10	883	1.70e-96	65.116000	215	acc:YP_009505729|unnamed protein product [Torque teno virus 24]	taxid:687363|Alphatorquevirus homin24|Alphatorquevirus|Anelloviridae	2024-05-17
SRR12567985	SRS7305728	SRP279687	Homo sapiens	9606	SRR12567985_cap3_Contig-11	840	1.57e-132	66.187000	278	acc:YP_009505782|hypothetical protein [Torque teno midi virus 11]	taxid:2065052|Gammatorquevirus homidi11|Gammatorquevirus|Anelloviridae	2024-05-17
SRR12567985	SRS7305728	SRP279687	Homo sapiens	9606	SRR12567985_cap3_Contig-12	837	1.21e-81	49.275000	276	acc:YP_009505770|hypothetical protein [Torque teno midi virus 8]	taxid:2065049|Gammatorquevirus homidi8|Gammatorquevirus|Anelloviridae	2024-05-17
SRR12567985	SRS7305728	SRP279687	Homo sapiens	9606	SRR12567985_cap3_Contig-13	832	2.74e-91	57.983000	238	acc:YP_003587898|hypothetical protein TTV16_gp2 [Torque teno virus 16]	taxid:687355|Alphatorquevirus|Anelloviridae	2024-05-17
SRR12567985	SRS7305728	SRP279687	Homo sapiens	9606	SRR12567985_cap3_Contig-14	770	5.64e-93	62.273000	220	acc:YP_003587898|hypothetical protein TTV16_gp2 [Torque teno virus 16]	taxid:687355|Alphatorquevirus|Anelloviridae	2024-05-17
SRR12567985	SRS7305728	SRP279687	Homo sapiens	9606	SRR12567985_cap3_Contig-15	757	3.07e-129	82.949000	217	acc:YP_009505731|unnamed protein product [Torque teno virus 29]	taxid:687368|Alphatorquevirus homin29|Alphatorquevirus|Anelloviridae	2024-05-17
SRR12567985	SRS7305728	SRP279687	Homo sapiens	9606	SRR12567985_cap3_Contig-16	718	1.97e-81	67.241000	174	acc:YP_003587849|hypothetical protein TTV12_gp4 [Torque teno virus 12]	taxid:687351|Alphatorquevirus|Anelloviridae	2024-05-17
SRR12567985	SRS7305728	SRP279687	Homo sapiens	9606	SRR12567985_cap3_Contig-17	712	3.25e-06	27.778000	126	acc:YP_004957306|ABC transporter [Planktothrix phage PaV-LD]	taxid:994601|Caudoviricetes|Uroviricota|Heunggongvirae|Duplodnaviria	2024-05-17
SRR12567985	SRS7305728	SRP279687	Homo sapiens	9606	SRR12567985_cap3_Contig-18	659	1.10e-86	71.351000	185	acc:YP_003587884|hypothetical protein TTMV2_gp2 [Torque teno mini virus 2]	taxid:687370|Betatorquevirus homini2|Betatorquevirus|Anelloviridae	2024-05-17
SRR12567985	SRS7305728	SRP279687	Homo sapiens	9606	SRR12567985_cap3_Contig-19	618	6.88e-55	53.896000	154	acc:YP_009505753|ORF1 [Torque teno midi virus 4]	taxid:2065045|Gammatorquevirus homidi4|Gammatorquevirus|Anelloviridae	2024-05-17
SRR12567985	SRS7305728	SRP279687	Homo sapiens	9606	SRR12567985_cap3_Contig-20	617	1.85e-102	75.000000	188	acc:YP_003587868|ORF1 [Torque teno virus 3]	taxid:687342|Alphatorquevirus homin3|Alphatorquevirus|Anelloviridae	2024-05-17
SRR12567985	SRS7305728	SRP279687	Homo sapiens	9606	SRR12567985_cap3_Contig-21	607	4.46e-92	98.519000	135	acc:YP_003587849|hypothetical protein TTV12_gp4 [Torque teno virus 12]	taxid:687351|Alphatorquevirus|Anelloviridae	2024-05-17
SRR12567985	SRS7305728	SRP279687	Homo sapiens	9606	SRR12567985_cap3_Contig-22	558	1.41e-101	86.022000	186	acc:YP_009256215|ORF1 [Torque teno mini virus 18]	taxid:1859149|Betatorquevirus homini18|Betatorquevirus|Anelloviridae	2024-05-17
SRR12567985	SRS7305728	SRP279687	Homo sapiens	9606	SRR12567985_cap3_Contig-23	547	2.16e-74	96.460000	113	acc:YP_003587884|hypothetical protein TTMV2_gp2 [Torque teno mini virus 2]	taxid:687370|Betatorquevirus homini2|Betatorquevirus|Anelloviridae	2024-05-17
SRR12567985	SRS7305728	SRP279687	Homo sapiens	9606	SRR12567985_cap3_Contig-24	488	7.65e-92	82.099000	162	acc:YP_009505729|unnamed protein product [Torque teno virus 24]	taxid:687363|Alphatorquevirus homin24|Alphatorquevirus|Anelloviridae	2024-05-17
SRR12567985	SRS7305728	SRP279687	Homo sapiens	9606	SRR12567985_cap3_Contig-25	455	1.75e-48	53.793000	145	acc:YP_009237567|replication associated protein [Lake Sarah-associated circular virus-28]	taxid:1685755|Viruses	2024-05-17
SRR12567985	SRS7305728	SRP279687	Homo sapiens	9606	SRR12567985_cap3_Contig-26	403	6.45e-31	45.113000	133	acc:YP_003587826|ORF1 [Torque teno mini virus 8]	taxid:687376|Betatorquevirus homini8|Betatorquevirus|Anelloviridae	2024-05-17
SRR12567985	SRS7305728	SRP279687	Homo sapiens	9606	SRR12567985_cap3_Contig-27	383	8.83e-47	80.870000	115	acc:YP_009505731|unnamed protein product [Torque teno virus 29]	taxid:687368|Alphatorquevirus homin29|Alphatorquevirus|Anelloviridae	2024-05-17
SRR12567985	SRS7305728	SRP279687	Homo sapiens	9606	SRR12567985_cap3_Contig-28	367	7.90e-33	63.830000	94	acc:YP_003587914|hypothetical protein TTV15_gp2 [Torque teno virus 15]	taxid:687354|Alphatorquevirus homin15|Alphatorquevirus|Anelloviridae	2024-05-17
SRR12567985	SRS7305728	SRP279687	Homo sapiens	9606	SRR12567985_cap3_Contig-29	358	1.41e-36	58.333000	108	acc:YP_003587898|hypothetical protein TTV16_gp2 [Torque teno virus 16]	taxid:687355|Alphatorquevirus|Anelloviridae	2024-05-17
SRR12567985	SRS7305728	SRP279687	Homo sapiens	9606	SRR12567985_cap3_Contig-30	334	2.82e-52	66.667000	111	acc:YP_008431133|putative replication associated protein [Parvovirus NIH-CQV]	taxid:1341019|Parvovirinae|Parvoviridae|Piccovirales|Quintoviricetes|Cossaviricota|Shotokuvirae|Monodnaviria	2024-05-17
SRR12567985	SRS7305728	SRP279687	Homo sapiens	9606	SRR12567985_cap3_Contig-31	322	1.14e-42	75.701000	107	acc:YP_003587853|hypothetical protein TTV10_gp4 [Torque teno virus 10]	taxid:687349|Alphatorquevirus homin10|Alphatorquevirus|Anelloviridae	2024-05-17
SRR12567985	SRS7305728	SRP279687	Homo sapiens	9606	SRR12567985_cap3_Contig-32	317	0.18	36.364000	55	acc:YP_010355938|DNA helicase [Haloferax tailed virus 1]	taxid:2507575|Retbasiphovirus HFTV1|Retbasiphovirus|Haloferuviridae|Kirjokansivirales|Caudoviricetes|Uroviricota|Heunggongvirae|Duplodnaviria	2024-05-17
SRR12567985	SRS7305728	SRP279687	Homo sapiens	9606	SRR12567985_cap3_Contig-33	300	1.67e-30	74.194000	93	acc:YP_009142780|putative replication protein [Phytophthora parasitica virus]	taxid:1608451|Viruses	2024-05-17
SRR12567985	SRS7305728	SRP279687	Homo sapiens	9606	SRR12567985_cap3_Contig-34	294	1.02e-28	52.041000	98	acc:YP_009237596|replication associated protein [Lake Sarah-associated circular molecule 9]	taxid:1685734|Viruses	2024-05-17
SRR12567985	SRS7305728	SRP279687	Homo sapiens	9606	SRR12567985_cap3_Contig-35	279	6.01e-41	97.727000	88	acc:YP_009116887|replication-associated protein [Sewage-associated gemycircularvirus 1]	taxid:1592081|Gemycircularvirus|Genomoviridae|Geplafuvirales|Repensiviricetes|Cressdnaviricota|Shotokuvirae|Monodnaviria	2024-05-17
SRR12567985	SRS7305728	SRP279687	Homo sapiens	9606	SRR12567985_cap3_Contig-36	274	2.21e-20	72.549000	51	acc:YP_009505738|ORF1 [Torque teno mini virus 11]	taxid:2065037|Betatorquevirus homini11|Betatorquevirus|Anelloviridae	2024-05-17
SRR12567985	SRS7305728	SRP279687	Homo sapiens	9606	SRR12567985_cap3_Contig-37	243	4.23e-41	90.667000	75	acc:YP_003587853|hypothetical protein TTV10_gp4 [Torque teno virus 10]	taxid:687349|Alphatorquevirus homin10|Alphatorquevirus|Anelloviridae	2024-05-17
SRR12567985	SRS7305728	SRP279687	Homo sapiens	9606	SRR12567985_cap3_Contig-38	242	9.92e-09	40.278000	72	acc:YP_009109675|replication-associated protein [Circoviridae 15 LDMD-2013]	taxid:1379719|environmental samples|Circoviridae|Cirlivirales|Arfiviricetes|Cressdnaviricota|Shotokuvirae|Monodnaviria	2024-05-17
SRR12567985	SRS7305728	SRP279687	Homo sapiens	9606	SRR12567985_cap3_Contig-39	238	1.29e-16	70.455000	44	acc:YP_010797897|Rep2 [Olive associated gemycircularvirus 1]	taxid:2518602|Gemycircularvirus oltre1|Gemycircularvirus|Genomoviridae|Geplafuvirales|Repensiviricetes|Cressdnaviricota|Shotokuvirae|Monodnaviria	2024-05-17
SRR12567985	SRS7305728	SRP279687	Homo sapiens	9606	SRR12567985_cap3_Contig-40	236	1.48e-11	50.000000	60	acc:YP_010841622|DnaJ-like protein [Cotonvirus japonicus]	taxid:2811091|Cotonvirus japonicum|Cotonvirus|Megamimivirinae|Mimiviridae|Imitervirales|Megaviricetes|Nucleocytoviricota|Bamfordvirae|Varidnaviria	2024-05-17
SRR12567985	SRS7305728	SRP279687	Homo sapiens	9606	SRR12567985_cap3_Contig-41	234	1.12e-08	41.538000	65	acc:YP_010790269|Rep [Bat circovirus]	taxid:1329650|Circovirus|Circoviridae|Cirlivirales|Arfiviricetes|Cressdnaviricota|Shotokuvirae|Monodnaviria	2024-05-17
SRR12567985	SRS7305728	SRP279687	Homo sapiens	9606	SRR12567985_cap3_Contig-42	230	6.87e-09	70.000000	30	acc:YP_009506280|Rep [Bat associated circovirus 8]	taxid:2003313|Circovirus morcego|Circovirus|Circoviridae|Cirlivirales|Arfiviricetes|Cressdnaviricota|Shotokuvirae|Monodnaviria	2024-05-17
SRR12567985	SRS7305728	SRP279687	Homo sapiens	9606	SRR12567985_cap3_Contig-43	227	6.5	36.364000	33	acc:NP_040152|single-stranded DNA-binding protein [Human alphaherpesvirus 3]	taxid:10335|Varicellovirus humanalpha3|Varicellovirus|Alphaherpesvirinae|Orthoherpesviridae|Herpesvirales|Herviviricetes|Peploviricota|Heunggongvirae|Duplodnaviria	2024-05-17
SRR12567985	SRS7305728	SRP279687	Homo sapiens	9606	SRR12567985_cap3_Contig-44	217	1.53e-25	72.881000	59	acc:YP_009389442|replication-associated protein [Giant panda circovirus 2]	taxid:2016457|Circovirus|Circoviridae|Cirlivirales|Arfiviricetes|Cressdnaviricota|Shotokuvirae|Monodnaviria	2024-05-17
SRR12567985	SRS7305728	SRP279687	Homo sapiens	9606	SRR12567985_cap3_Contig-45	215	2.18e-10	89.655000	29	acc:YP_010797220|ORF1 [Torque teno virus]	taxid:68887|Anelloviridae	2024-05-17
SRR12567985	SRS7305728	SRP279687	Homo sapiens	9606	SRR12567985_cap3_Contig-46	214	5.08e-20	67.273000	55	acc:YP_009237567|replication associated protein [Lake Sarah-associated circular virus-28]	taxid:1685755|Viruses	2024-05-17
SRR12567985	SRS7305728	SRP279687	Homo sapiens	9606	SRR12567985_cap3_Contig-47	213	1.83e-08	63.889000	36	acc:YP_010804384|hypothetical protein QKU58_gp150 [Pyramimonas orientalis virus]	taxid:455367|Heliosvirus raunefjordenense|Heliosvirus|Allomimiviridae|Imitervirales|Megaviricetes|Nucleocytoviricota|Bamfordvirae|Varidnaviria	2024-05-17
SRR12567985	SRS7305728	SRP279687	Homo sapiens	9606	SRR12567985_cap3_Contig-48	211	7.32e-06	65.517000	29	acc:YP_004300961|hypothetical protein ST65p124 [Aeromonas phage 65]	taxid:2919549|Ishigurovirus osborne|Ishigurovirus|Emmerichvirinae|Straboviridae|Caudoviricetes|Uroviricota|Heunggongvirae|Duplodnaviria	2024-05-17
SRR12567985	SRS7305728	SRP279687	Homo sapiens	9606	SRR12567985_cap3_Contig-49	203	2.18e-26	65.152000	66	acc:YP_009142780|putative replication protein [Phytophthora parasitica virus]	taxid:1608451|Viruses	2024-05-17
SRR12567985	SRS7305728	SRP279687	Homo sapiens	9606	SRR12567985_cap3_Contig-50	203	1.76e-26	68.657000	67	acc:YP_003587855|hypothetical protein TTV14_gp2 [Torque teno virus 14]	taxid:687353|Alphatorquevirus homin14|Alphatorquevirus|Anelloviridae	2024-05-17
SRR12567985	SRS7305728	SRP279687	Homo sapiens	9606	SRR12567985_cap3_Contig-51	203	3.30e-06	44.444000	54	acc:YP_009237554|replication associated protein [Lake Sarah-associated circular virus-2]	taxid:1685746|Viruses	2024-05-17
SRR12567985	SRS7305728	SRP279687	Homo sapiens	9606	SRR12567985_cap3_Contig-52	200	8.92e-27	74.242000	66	acc:YP_009218156|UvsX-like recombinase [Bacillus phage phi4J1]	taxid:1643326|Rockvillevirus phi4J1|Rockvillevirus|Caudoviricetes|Uroviricota|Heunggongvirae|Duplodnaviria	2024-05-17
SRR12567985	SRS7305728	SRP279687	Homo sapiens	9606	SRR12567985_cap3_Contig-53	200	9.10e-06	33.871000	62	acc:YP_007392933|putative replication-associated protein 1 [Cyclovirus roach]	taxid:3052164|Cyclovirus|Circoviridae|Cirlivirales|Arfiviricetes|Cressdnaviricota|Shotokuvirae|Monodnaviria	2024-05-17
SRR12567985	SRS7305728	SRP279687	Homo sapiens	9606	SRR12567985_cap3_Contig-54	194	2.54e-13	77.586000	58	acc:YP_009237596|replication associated protein [Lake Sarah-associated circular molecule 9]	taxid:1685734|Viruses	2024-05-17
SRR12567985	SRS7305728	SRP279687	Homo sapiens	9606	SRR12567985_cap3_Contig-55	189	1.01e-23	71.667000	60	acc:YP_004061441|hypothetical protein BpV1_011c [Bathycoccus sp. RCC1105 virus BpV1]	taxid:880159|Bathycoccus sp. RCC1105 virus BpV|Prasinovirus|Phycodnaviridae|Algavirales|Megaviricetes|Nucleocytoviricota|Bamfordvirae|Varidnaviria	2024-05-17
SRR12567985	SRS7305728	SRP279687	Homo sapiens	9606	SRR12567985_cap3_Contig-56	180	5.54e-24	69.492000	59	acc:YP_009505721|unnamed protein product [Torque teno virus 20]	taxid:687359|Alphatorquevirus homin20|Alphatorquevirus|Anelloviridae	2024-05-17
SRR12567985	SRS7305728	SRP279687	Homo sapiens	9606	SRR12567985_cap3_Contig-57	173	2.24e-22	70.175000	57	acc:YP_009126877|replication-associated protein [Avon-Heathcote Estuary associated circular virus 3]	taxid:1618254|Circoviridae|Cirlivirales|Arfiviricetes|Cressdnaviricota|Shotokuvirae|Monodnaviria	2024-05-17
SRR12567985	SRS7305728	SRP279687	Homo sapiens	9606	SRR12567985_cap3_Contig-58	171	4.42e-04	38.298000	47	acc:YP_009252340|replication associated protein [Chamois faeces associated circular DNA virus 1]	taxid:1843766|Viruses	2024-05-17
SRR12567985	SRS7305728	SRP279687	Homo sapiens	9606	SRR12567985_cap3_Contig-59	162	1.99e-18	64.000000	50	acc:YP_010084302|replicase [Bamboo rat circovirus]	taxid:2305270|Circovirus gryzon|Circovirus|Circoviridae|Cirlivirales|Arfiviricetes|Cressdnaviricota|Shotokuvirae|Monodnaviria	2024-05-17
SRR12567985	SRS7305728	SRP279687	Homo sapiens	9606	SRR12567985_cap3_Contig-60	162	0.007	68.182000	22	acc:YP_003084293|putative Rep protein [Circovirus-like genome CB-A]	taxid:642256|Viruses	2024-05-17
SRR12567985	SRS7305728	SRP279687	Homo sapiens	9606	SRR12567985_cap3_Contig-61	154	2.78e-05	50.000000	46	acc:NP_808765|replication associated protein Rep [Sida yellow mosaic virus]	taxid:191463|Begomovirus|Geminiviridae|Geplafuvirales|Repensiviricetes|Cressdnaviricota|Shotokuvirae|Monodnaviria	2024-05-17
SRR12567985	SRS7305728	SRP279687	Homo sapiens	9606	SRR12567985_cap3_Contig-62	151	1.31e-08	60.526000	38	acc:YP_009109727|replication associated protein [Gerygone associated gemycircularvirus 1]	taxid:1985381|Gemycircularvirus geras1|Gemycircularvirus|Genomoviridae|Geplafuvirales|Repensiviricetes|Cressdnaviricota|Shotokuvirae|Monodnaviria	2024-05-17
SRR12567985	SRS7305728	SRP279687	Homo sapiens	9606	SRR12567985_cap3_Contig-63	151	1.64e-10	54.167000	48	acc:YP_009505729|unnamed protein product [Torque teno virus 24]	taxid:687363|Alphatorquevirus homin24|Alphatorquevirus|Anelloviridae	2024-05-17
SRR12567985	SRS7305728	SRP279687	Homo sapiens	9606	SRR12567985_cap3_Contig-64	146	1.85e-09	57.500000	40	acc:NP_877978|Rep [Mulard duck circovirus]	taxid:232802|Circovirus duck|Circovirus|Circoviridae|Cirlivirales|Arfiviricetes|Cressdnaviricota|Shotokuvirae|Monodnaviria	2024-05-17
SRR12567985	SRS7305728	SRP279687	Homo sapiens	9606	SRR12567985_cap3_Contig-65	108	2.94e-04	66.667000	27	acc:YP_009116902|replication-associated protein [Sewage-associated circular DNA virus-19]	taxid:1592086|Viruses	2024-05-17
SRR12567985	SRS7305728	SRP279687	Homo sapiens	9606	SRR12567985_cap3_Contig-66	105	1.83e-07	63.333000	30	acc:YP_010790248|MAG: hypothetical protein QKC67_gp2 [Anelloviridae sp.]	taxid:2055263|Anelloviridae	2024-05-17
SRR12567985	SRS7305728	SRP279687	Homo sapiens	9606	SRR12567985_cap3_Contig-67	90	4.83e-04	69.565000	23	acc:YP_010084304|replication associated protein [Circovirus siksparnis]	taxid:3052133|Circovirus|Circoviridae|Cirlivirales|Arfiviricetes|Cressdnaviricota|Shotokuvirae|Monodnaviria	2024-05-17
